,Accuracy,Precision,Recall,F1-Score,AUC-ROC
logistic_regression,0.82,0.7088607594936709,0.8115942028985508,0.7567567567567568,0.9166943245934285
random_forest,0.88,0.8571428571428571,0.782608695652174,0.8181818181818182,0.9411439318508684
xgboost,0.875,0.8793103448275862,0.7391304347826086,0.8031496062992126,0.9523177342626397
decision_tree,0.83,0.7692307692307693,0.7246376811594203,0.746268656716418,0.8050669321827636
