,Accuracy,Precision,Recall,F1-Score,AUC-ROC
logistic_regression,0.815,0.7051282051282052,0.7971014492753623,0.7482993197278912,0.9043035734041376
xgboost,0.89,0.9122807017543859,0.7536231884057971,0.8253968253968254,0.9471180440314194
random_forest,0.84,0.8936170212765957,0.6086956521739131,0.7241379310344828,0.9108861599734485
decision_tree,0.78,0.7192982456140351,0.5942028985507246,0.6507936507936508,0.736032746985286
